"Reference","Qty","Value","DNP","Exclude from BOM","Exclude from Board","Exclude from Simulation","Exclude from Position Files","Footprint","Datasheet"
"C1,C2,C4,C5","4","10uF","","","","","${EXCLUDE_FROM_POS_FILES}","Capacitor_SMD:C_0805_2012Metric",""
"C3,C6,C8,C9","4","0.1uF","","","","","${EXCLUDE_FROM_POS_FILES}","Capacitor_SMD:C_0603_1608Metric",""
"C7","1","1uF","","","","","${EXCLUDE_FROM_POS_FILES}","Capacitor_SMD:C_0603_1608Metric",""
"D1","1","SS14","","","","","${EXCLUDE_FROM_POS_FILES}","Diode_SMD:D_SMA","https://www.vishay.com/docs/88746/ss12.pdf"
"D2,D3,D4,D5","4","LED","","","","","${EXCLUDE_FROM_POS_FILES}","LED_SMD:LED_0805_2012Metric",""
"F1","1","Polyfuse","","","","","${EXCLUDE_FROM_POS_FILES}","Fuse:Fuse_1206_3216Metric",""
"J1","1","USB_C_Receptacle_USB2.0_16P","","","","","${EXCLUDE_FROM_POS_FILES}","Connector_USB:USB_C_Receptacle_HRO_TYPE-C-31-M-12","https://www.usb.org/sites/default/files/documents/usb_type-c.zip"
"J2","1","Conn_01x02","","","","","${EXCLUDE_FROM_POS_FILES}","Connector_JST:JST_PH_B2B-PH-K_1x02_P2.00mm_Vertical",""
"J3,J4","2","Conn_01x04_Pin","","","","","${EXCLUDE_FROM_POS_FILES}","Connector_PinHeader_2.54mm:PinHeader_1x04_P2.54mm_Vertical",""
"J5,J6","2","Conn_01x15","","","","","${EXCLUDE_FROM_POS_FILES}","Connector_PinHeader_2.54mm:PinHeader_1x15_P2.54mm_Vertical",""
"Q1","1","FS8205A_C908265","","","","","${EXCLUDE_FROM_POS_FILES}","FS8205A_lib:SOT-23-6_L2.9-W1.6-P0.95-LS2.8-BR","https://lcsc.com/product-detail/MOSFET_FUXINSEMI-FS8205A_C908265.html"
"Q2,Q3","2","MMBT3904","","","","","${EXCLUDE_FROM_POS_FILES}","Package_TO_SOT_SMD:SOT-23","https://www.onsemi.com/pdf/datasheet/pzt3904-d.pdf"
"R1,R2","2","5.1k","","","","","${EXCLUDE_FROM_POS_FILES}","Resistor_SMD:R_0603_1608Metric",""
"R3","1","2k","","","","","${EXCLUDE_FROM_POS_FILES}","Resistor_SMD:R_0603_1608Metric",""
"R4,R5,R7,R8,R17","5","1k","","","","","${EXCLUDE_FROM_POS_FILES}","Resistor_SMD:R_0603_1608Metric",""
"R6","1","100","","","","","${EXCLUDE_FROM_POS_FILES}","Resistor_SMD:R_0603_1608Metric",""
"R9,R10","2","100k","","","","","${EXCLUDE_FROM_POS_FILES}","Resistor_SMD:R_0603_1608Metric",""
"R11,R12,R13,R14,R18","5","10k","","","","","${EXCLUDE_FROM_POS_FILES}","Resistor_SMD:R_0603_1608Metric",""
"R15,R16","2","4.7k","","","","","${EXCLUDE_FROM_POS_FILES}","Resistor_SMD:R_0603_1608Metric",""
"SW1","1","SW_Wuerth_450301014042","","","","","${EXCLUDE_FROM_POS_FILES}","Button_Switch_SMD:SW_SPDT_CK_JS102011SAQN","https://www.we-online.com/components/products/datasheet/450301014042.pdf"
"SW2,SW3,SW4","3","SW_Omron_B3FS","","","","","${EXCLUDE_FROM_POS_FILES}","Button_Switch_SMD:SW_SPST_TL3342","https://omronfs.omron.com/en_US/ecb/products/pdf/en-b3fs.pdf"
"TP1,TP2,TP3,TP4","4","TestPoint","","","","","${EXCLUDE_FROM_POS_FILES}","TestPoint:TestPoint_Pad_D2.0mm",""
"U1","1","AP2112K-3.3","","","","","${EXCLUDE_FROM_POS_FILES}","Package_TO_SOT_SMD:SOT-23-5","https://www.diodes.com/assets/Datasheets/AP2112.pdf"
"U2","1","USBLC6-2SC6","","","","","${EXCLUDE_FROM_POS_FILES}","Package_TO_SOT_SMD:SOT-23-6","https://www.st.com/resource/en/datasheet/usblc6-2.pdf"
"U3","1","TP4056-42-ESOP8","","","","","${EXCLUDE_FROM_POS_FILES}","Package_SO:SOIC-8-1EP_3.9x4.9mm_P1.27mm_EP2.41x3.3mm_ThermalVias","https://www.lcsc.com/datasheet/lcsc_datasheet_2410121619_TOPPOWER-Nanjing-Extension-Microelectronics-TP4056-42-ESOP8_C16581.pdf"
"U4","1","DW01A","","","","","${EXCLUDE_FROM_POS_FILES}","Package_TO_SOT_SMD:SOT-23-6","https://hmsemi.com/downfile/DW01A.PDF"
"U5","1","ESP32-WROOM-32E","","","","","${EXCLUDE_FROM_POS_FILES}","RF_Module:ESP32-WROOM-32E","https://www.espressif.com/sites/default/files/documentation/esp32-wroom-32e_esp32-wroom-32ue_datasheet_en.pdf"
"U6","1","CH340C","","","","","${EXCLUDE_FROM_POS_FILES}","Package_SO:SOIC-16_3.9x9.9mm_P1.27mm","https://datasheet.lcsc.com/szlcsc/Jiangsu-Qin-Heng-CH340C_C84681.pdf"
"U7","1","BME280","","","","","${EXCLUDE_FROM_POS_FILES}","Package_LGA:Bosch_LGA-8_2.5x2.5mm_P0.65mm_ClockwisePinNumbering","https://www.bosch-sensortec.com/media/boschsensortec/downloads/datasheets/bst-bme280-ds002.pdf"
